temperature,exposure_time,end_score,recovery_score
44.0,1440.0,0,
44.0,1440.0,1,
44.0,1440.0,1,
44.0,1440.0,0,
44.0,1440.0,1,
44.0,1440.0,1,
44.0,1440.0,0,
44.0,1440.0,0,
44.5,1440.0,0,
44.5,1440.0,0,
44.5,1440.0,1,
44.5,1440.0,1,
44.5,1440.0,1,
44.5,1440.0,0,
44.5,1440.0,0,
44.5,1440.0,0,
45.0,1440.0,0,
45.0,1440.0,0,
45.0,1440.0,0,
45.0,1440.0,1,
45.0,1440.0,0,
45.0,1440.0,0,
45.0,1440.0,1,
45.0,1440.0,1,
45.5,1440.0,0,
45.5,1440.0,0,
45.5,1440.0,0,
45.5,1440.0,0,
45.5,1440.0,0,
45.5,1440.0,0,
45.5,1440.0,0,
45.5,1440.0,1,
46.0,1440.0,0,
46.0,1440.0,0,
46.0,1440.0,0,
46.0,1440.0,0,
46.0,1440.0,0,
46.0,1440.0,0,
46.0,1440.0,0,
46.0,1440.0,0,
46.5,1440.0,0,
46.5,1440.0,0,
46.5,1440.0,0,
46.5,1440.0,0,
46.5,1440.0,0,
46.5,1440.0,0,
46.5,1440.0,0,
46.5,1440.0,0,
47.0,1440.0,0,
47.0,1440.0,0,
47.0,1440.0,0,
47.0,1440.0,0,
47.0,1440.0,0,
47.0,1440.0,0,
47.0,1440.0,0,
47.0,1440.0,0,
47.5,1440.0,0,
47.5,1440.0,0,
47.5,1440.0,0,
47.5,1440.0,0,
47.5,1440.0,0,
47.5,1440.0,0,
47.5,1440.0,0,
47.5,1440.0,0,
48.0,1440.0,0,
48.0,1440.0,0,
48.0,1440.0,0,
48.0,1440.0,0,
48.0,1440.0,0,
48.0,1440.0,0,
48.0,1440.0,0,
48.0,1440.0,0,
48.5,1440.0,0,
48.5,1440.0,0,
48.5,1440.0,0,
48.5,1440.0,0,
48.5,1440.0,0,
48.5,1440.0,0,
48.5,1440.0,0,
48.5,1440.0,0,
49.0,1440.0,0,
49.0,1440.0,0,
49.0,1440.0,0,
49.0,1440.0,0,
49.0,1440.0,0,
49.0,1440.0,0,
49.0,1440.0,0,
49.0,1440.0,0,
49.5,1440.0,0,
49.5,1440.0,0,
49.5,1440.0,0,
49.5,1440.0,0,
49.5,1440.0,0,
49.5,1440.0,0,
49.5,1440.0,0,
49.5,1440.0,0,
44.0,1440.0,,
44.0,1440.0,,
44.0,1440.0,,
44.0,1440.0,,
44.0,1440.0,,
44.0,1440.0,,
44.0,1440.0,,
44.0,1440.0,,
44.5,1440.0,,
44.5,1440.0,,
44.5,1440.0,,
44.5,1440.0,,
44.5,1440.0,,
44.5,1440.0,,
44.5,1440.0,,
44.5,1440.0,,
45.0,1440.0,,
45.0,1440.0,,
45.0,1440.0,,
45.0,1440.0,,
45.0,1440.0,,
45.0,1440.0,,
45.0,1440.0,,
45.0,1440.0,,
45.5,1440.0,,
45.5,1440.0,,
45.5,1440.0,,
45.5,1440.0,,
45.5,1440.0,,
45.5,1440.0,,
45.5,1440.0,,
45.5,1440.0,,
46.0,1440.0,,
46.0,1440.0,,
46.0,1440.0,,
46.0,1440.0,,
46.0,1440.0,,
46.0,1440.0,,
46.0,1440.0,,
46.0,1440.0,,
46.5,1440.0,,
46.5,1440.0,,
46.5,1440.0,,
46.5,1440.0,,
46.5,1440.0,,
46.5,1440.0,,
46.5,1440.0,,
46.5,1440.0,,
47.0,1440.0,,
47.0,1440.0,,
47.0,1440.0,,
47.0,1440.0,,
47.0,1440.0,,
47.0,1440.0,,
47.0,1440.0,,
47.0,1440.0,,
47.5,1440.0,,
47.5,1440.0,,
47.5,1440.0,,
47.5,1440.0,,
47.5,1440.0,,
47.5,1440.0,,
47.5,1440.0,,
47.5,1440.0,,
48.0,1440.0,,
48.0,1440.0,,
48.0,1440.0,,
48.0,1440.0,,
48.0,1440.0,,
48.0,1440.0,,
48.0,1440.0,,
48.0,1440.0,,
48.5,1440.0,,
48.5,1440.0,,
48.5,1440.0,,
48.5,1440.0,,
48.5,1440.0,,
48.5,1440.0,,
48.5,1440.0,,
48.5,1440.0,,
49.0,1440.0,,
49.0,1440.0,,
49.0,1440.0,,
49.0,1440.0,,
49.0,1440.0,,
49.0,1440.0,,
49.0,1440.0,,
49.0,1440.0,,
49.5,1440.0,,
49.5,1440.0,,
49.5,1440.0,,
49.5,1440.0,,
49.5,1440.0,,
49.5,1440.0,,
49.5,1440.0,,
49.5,1440.0,,
44.0,720.0,1,
44.0,720.0,1,
44.0,720.0,1,
44.0,720.0,1,
44.0,720.0,1,
44.0,720.0,1,
44.0,720.0,1,
44.0,720.0,1,
44.5,720.0,1,
44.5,720.0,1,
44.5,720.0,1,
44.5,720.0,1,
44.5,720.0,1,
44.5,720.0,0,
44.5,720.0,1,
44.5,720.0,1,
45.0,720.0,1,
45.0,720.0,1,
45.0,720.0,1,
45.0,720.0,1,
45.0,720.0,0,
45.0,720.0,1,
45.0,720.0,0,
45.0,720.0,0,
45.5,720.0,1,
45.5,720.0,1,
45.5,720.0,0,
45.5,720.0,1,
45.5,720.0,0,
45.5,720.0,0,
45.5,720.0,1,
45.5,720.0,1,
46.0,720.0,0,
46.0,720.0,0,
46.0,720.0,0,
46.0,720.0,1,
46.0,720.0,0,
46.0,720.0,1,
46.0,720.0,0,
46.0,720.0,0,
46.5,720.0,0,
46.5,720.0,0,
46.5,720.0,0,
46.5,720.0,1,
46.5,720.0,0,
46.5,720.0,1,
46.5,720.0,0,
46.5,720.0,0,
47.0,720.0,0,
47.0,720.0,0,
47.0,720.0,0,
47.0,720.0,0,
47.0,720.0,0,
47.0,720.0,0,
47.0,720.0,0,
47.0,720.0,0,
47.5,720.0,0,
47.5,720.0,0,
47.5,720.0,0,
47.5,720.0,0,
47.5,720.0,0,
47.5,720.0,0,
47.5,720.0,0,
47.5,720.0,0,
48.0,720.0,0,
48.0,720.0,0,
48.0,720.0,0,
48.0,720.0,0,
48.0,720.0,0,
48.0,720.0,0,
48.0,720.0,0,
48.0,720.0,0,
48.5,720.0,0,
48.5,720.0,0,
48.5,720.0,0,
48.5,720.0,0,
48.5,720.0,0,
48.5,720.0,0,
48.5,720.0,0,
48.5,720.0,0,
49.0,720.0,0,
49.0,720.0,0,
49.0,720.0,0,
49.0,720.0,0,
49.0,720.0,0,
49.0,720.0,0,
49.0,720.0,0,
49.0,720.0,0,
49.5,720.0,0,
49.5,720.0,0,
49.5,720.0,0,
49.5,720.0,0,
49.5,720.0,0,
49.5,720.0,0,
49.5,720.0,0,
49.5,720.0,0,
44.0,720.0,1,
44.0,720.0,1,
44.0,720.0,1,
44.0,720.0,1,
44.0,720.0,0,
44.0,720.0,1,
44.0,720.0,1,
44.0,720.0,1,
44.5,720.0,1,
44.5,720.0,1,
44.5,720.0,1,
44.5,720.0,0,
44.5,720.0,1,
44.5,720.0,1,
44.5,720.0,1,
44.5,720.0,1,
45.0,720.0,0,
45.0,720.0,1,
45.0,720.0,1,
45.0,720.0,1,
45.0,720.0,0,
45.0,720.0,0,
45.0,720.0,1,
45.0,720.0,1,
45.5,720.0,1,
45.5,720.0,1,
45.5,720.0,1,
45.5,720.0,0,
45.5,720.0,0,
45.5,720.0,1,
45.5,720.0,1,
45.5,720.0,0,
46.0,720.0,1,
46.0,720.0,1,
46.0,720.0,1,
46.0,720.0,0,
46.0,720.0,1,
46.0,720.0,1,
46.0,720.0,0,
46.0,720.0,0,
46.5,720.0,0,
46.5,720.0,1,
46.5,720.0,1,
46.5,720.0,0,
46.5,720.0,1,
46.5,720.0,0,
46.5,720.0,0,
46.5,720.0,0,
47.0,720.0,0,
47.0,720.0,0,
47.0,720.0,0,
47.0,720.0,0,
47.0,720.0,0,
47.0,720.0,0,
47.0,720.0,0,
47.0,720.0,0,
47.5,720.0,0,
47.5,720.0,0,
47.5,720.0,0,
47.5,720.0,0,
47.5,720.0,0,
47.5,720.0,0,
47.5,720.0,0,
47.5,720.0,0,
48.0,720.0,0,
48.0,720.0,0,
48.0,720.0,0,
48.0,720.0,0,
48.0,720.0,0,
48.0,720.0,0,
48.0,720.0,0,
48.0,720.0,0,
48.5,720.0,0,
48.5,720.0,0,
48.5,720.0,0,
48.5,720.0,0,
48.5,720.0,0,
48.5,720.0,0,
48.5,720.0,0,
48.5,720.0,0,
49.0,720.0,0,
49.0,720.0,0,
49.0,720.0,0,
49.0,720.0,0,
49.0,720.0,0,
49.0,720.0,0,
49.0,720.0,0,
49.0,720.0,0,
49.5,720.0,0,
49.5,720.0,0,
49.5,720.0,0,
49.5,720.0,0,
49.5,720.0,0,
49.5,720.0,0,
49.5,720.0,0,
49.5,720.0,0,
48.5,180.0,0,
48.5,180.0,0,
48.5,180.0,0,
48.5,180.0,1,
48.5,180.0,1,
48.5,180.0,0,
48.5,180.0,0,
48.5,180.0,0,
48.0,180.0,1,
48.0,180.0,1,
48.0,180.0,0,
48.0,180.0,1,
48.0,180.0,0,
48.0,180.0,0,
48.0,180.0,0,
48.0,180.0,0,
47.0,180.0,1,
47.0,180.0,1,
47.0,180.0,1,
47.0,180.0,1,
47.0,180.0,1,
47.0,180.0,1,
47.0,180.0,1,
47.0,180.0,0,
49.0,180.0,0,
49.0,180.0,0,
49.0,180.0,0,
49.0,180.0,0,
49.0,180.0,0,
49.0,180.0,0,
49.0,180.0,0,
49.0,180.0,0,
49.5,180.0,0,
49.5,180.0,0,
49.5,180.0,0,
49.5,180.0,0,
49.5,180.0,0,
49.5,180.0,0,
49.5,180.0,0,
49.5,180.0,0,
50.0,180.0,0,
50.0,180.0,0,
50.0,180.0,0,
50.0,180.0,0,
50.0,180.0,0,
50.0,180.0,0,
50.0,180.0,0,
50.0,180.0,0,
50.0,45.0,0,
50.0,45.0,0,
50.0,45.0,0,
50.0,45.0,0,
50.0,45.0,0,
50.0,45.0,0,
50.0,45.0,0,
50.0,45.0,0,
49.5,45.0,0,
49.5,45.0,0,
49.5,45.0,0,
49.5,45.0,0,
49.5,45.0,0,
49.5,45.0,0,
49.5,45.0,0,
49.5,45.0,0,
49.0,45.0,0,
49.0,45.0,0,
49.0,45.0,0,
49.0,45.0,0,
49.0,45.0,0,
49.0,45.0,0,
49.0,45.0,0,
49.0,45.0,0,
53.0,12.0,0,0
53.0,12.0,0,0
53.0,12.0,0,0
53.0,12.0,0,0
53.0,12.0,0,0
53.0,12.0,0,0
53.0,12.0,0,0
53.0,12.0,0,0
54.0,12.0,0,0
54.0,12.0,0,0
54.0,12.0,0,0
54.0,12.0,0,0
54.0,12.0,0,0
54.0,12.0,0,0
54.0,12.0,0,0
54.0,12.0,0,0
55.0,12.0,0,0
55.0,12.0,0,0
55.0,12.0,0,0
55.0,12.0,0,0
55.0,12.0,0,0
55.0,12.0,0,0
55.0,12.0,0,0
55.0,12.0,0,0
53.0,6.0,0,0
53.0,6.0,0,0
53.0,6.0,0,0
53.0,6.0,0,0
53.0,6.0,0,0
53.0,6.0,0,0
53.0,6.0,0,0
53.0,6.0,0,0
54.0,6.0,0,0
54.0,6.0,0,0
54.0,6.0,0,0
54.0,6.0,0,0
54.0,6.0,0,0
54.0,6.0,0,0
54.0,6.0,0,0
54.0,6.0,1,0
55.0,6.0,0,0
55.0,6.0,0,0
55.0,6.0,0,0
55.0,6.0,0,0
55.0,6.0,0,0
55.0,6.0,0,0
55.0,6.0,0,0
55.0,6.0,0,0
53.0,2.0,1,1
53.0,2.0,0,0
53.0,2.0,0,1
53.0,2.0,0,1
53.0,2.0,0,0
53.0,2.0,0,1
53.0,2.0,0,1
53.0,2.0,0,0
54.0,2.0,0,1
54.0,2.0,0,1
54.0,2.0,0,0
54.0,2.0,0,0
54.0,2.0,0,0
54.0,2.0,0,0
54.0,2.0,0,1
54.0,2.0,0,0
55.0,2.0,0,0
55.0,2.0,0,0
55.0,2.0,0,0
55.0,2.0,0,0
55.0,2.0,0,0
55.0,2.0,0,0
55.0,2.0,0,0
55.0,2.0,0,0
54.0,0.5,1,0
54.0,0.5,0,0
54.0,0.5,0,1
54.0,0.5,1,1
54.0,0.5,0,0
54.0,0.5,0,0
54.0,0.5,1,1
54.0,0.5,1,1
55.0,0.5,0,0
55.0,0.5,1,0
55.0,0.5,0,0
55.0,0.5,0,0
55.0,0.5,1,1
55.0,0.5,1,0
55.0,0.5,0,0
55.0,0.5,0,0
53.0,0.5,1,1
53.0,0.5,1,0
53.0,0.5,1,1
53.0,0.5,1,1
53.0,0.5,1,1
53.0,0.5,1,1
53.0,0.5,1,0
53.0,0.5,0,0
